"BenchName","CodeletName","RDTSC.Runtime..s.","call.count","INSTR_RETIRED_ANY","CPU_CLK_UNHALTED_CORE","CPU_CLK_UNHALTED_REF","FP_COMP_OPS_EXE_SSE_FP_PACKED","FP_COMP_OPS_EXE_SSE_FP_SCALAR","FP_COMP_OPS_EXE_SSE_SINGLE_PRECISION","FP_COMP_OPS_EXE_SSE_DOUBLE_PRECISION","Runtime..RDTSC...s.","Runtime.unhalted..s.","Clock..MHz.","CPI","SP.MFlops.s..SP.assumed.","Packed.MUOPS.s","Scalar.MUOPS.s","SP.MUOPS.s","DP.MUOPS.s","UNC_L3_HITS_ANY","UNC_L3_MISS_ANY","UNC_L3_LINES_IN_ANY","UNC_L3_LINES_OUT_ANY","L3.request.rate","L3.miss.rate","L3.miss.ratio","L2_LINES_IN_ANY","L2_LINES_OUT_DEMAND_DIRTY","L3.Load..MBytes.s.","L3.Evict..MBytes.s.","L3.bandwidth..MBytes.s.","L3.data.volume..GBytes.","INST_RETIRED_X87","X87.MFlops.s","L1D_REPL","L1D_M_EVICT","L2.Load..MBytes.s.","L2.Evict..MBytes.s.","L2.bandwidth..MBytes.s.","L2.data.volume..GBytes.","UNC_QMC_NORMAL_READS_ANY","UNC_QMC_WRITES_FULL_ANY","UNC_QHL_REQUESTS_REMOTE_READS","UNC_QHL_REQUESTS_LOCAL_READS","UNC_QHL_REQUESTS_REMOTE_WRITES","Memory.bandwidth..MBytes.s.","Memory.data.volume..GBytes.","Remote.Read.BW..MBytes.s.","Remote.Write.BW..MBytes.s.","Remote.BW..MBytes.s.","DP.MFlops.s","MEM_INST_RETIRED_LOADS","MEM_INST_RETIRED_STORES","Load.to.Store.ratio","DP.MFlops.s..DP.assumed.","Data.cache.misses","Data.cache.miss.rate","BR_INST_RETIRED_ALL_BRANCHES","BR_MISP_RETIRED_ALL_BRANCHES","Branch.rate","Branch.misprediction.rate","Branch.misprediction.ratio","Instructions.per.branch","L2_DATA_RQSTS_DEMAND_ANY","L2_RQSTS_MISS","L2.request.rate","L2.miss.rate","L2.miss.ratio","DTLB_MISSES_ANY","L1.DTLB.miss.rate","Function.name","Address.in.the.binary","Source.file","Source.lines","ID","Can.be.analyzed","Nb.paths","Is.main.unrolled","Unroll.factor","Unroll.confidence.level","Nb.instr.","Nb.uops","Size..bytes.","Nb.used.x86.reg.","Nb.used.MMX.reg.","Nb.used.XMM.reg.","Nb.used.YMM.reg.","Nb.stack.ref.","Pattern","Nb.insn..SS","Nb.insn..SD","Nb.insn..PS.XMM","Nb.insn..PS.YMM","Nb.insn..PD.XMM","Nb.insn..PD.YMM","Ratio.ADD.SUB...MUL","Fit.in.cache","Macro.fusion","Nb.FLOP..add.sub","Nb.FLOP..mul","Nb.FLOP..div","Nb.FLOP..other","Bytes.loaded","Bytes.stored","Arith..intensity..FLOP...ld.st.bytes.","instr..fetch..cycles.","predecode..cycles.","instr..queue..cycles.","decode..cycles.","uop.queue..cycles.","ROB.read..cycles.","Front.end..cycles.","Nb.uops.P0","Nb.uops.P1","Nb.uops.P2","Nb.uops.P3","Nb.uops.P4","Nb.uops.P5","Nb.cycles.P0","Nb.cycles.P1","Nb.cycles.P2","Nb.cycles.P3","Nb.cycles.P4","Nb.cycles.P5","Dispatch..cycles.","RecMII..cycles.","Vec..ratio......all..INT.","Vec..ratio......load..INT.","Vec..ratio......store..INT.","Vec..ratio......add.sub..INT.","Vec..ratio......mul..INT.","Vec..ratio......other..INT.","Vec..ratio......all..FP.","Vec..ratio......load..FP.","Vec..ratio......store..FP.","Vec..ratio......add.sub..FP.","Vec..ratio......mul..FP.","Vec..ratio......other..FP.","Vec..ratio......all","Vec..ratio......load","Vec..ratio......store","Vec..ratio......add.sub","Vec..ratio......mul","Vec..ratio......other","X.L1..Nb.cycles","X.L1..FLOP.cycle","X.L1..IPC","X.L1..Bytes.loaded...cycle","X.L1..Bytes.stored...cycle","X.L1..Bytes.ld.st...cycle","X.L1..Nb.cycles.if.fully.vectorized"
"ft","codelet_04wki9m9",6.20972,20,6054400000,11704278244,11537600000,672213000,201,20,672214000,6.20972,6.19666,1861.91,1.90565,432.8975,108.343,"3.24418e-05","3.22348e-06",108.343,377445000,423518000,423518000,423518000,0.0623422,0.0699522,1.12207,418754000,95246300,4310.3,980.387,5290.69,32.896,1020,0.000164286,421162000,336111000,4339.9,3463.48,7803.38,48.4654,423744500,337670500,0,423726500,0,7841.835,48.7306,0,0,0,216.687,1342230000,1342220000,1.00001,215.904,421162000,0.0695631,673731000,1319320,0.11128,0.000217912,0.00195824,8.98637,712397000,519806000,0.117666,0.085856,0.729658,9730370,0.00160716,"evolve_","403c3e","/NPB3.0-SER/FT/auxfnct.f","168-171",15,"true",1,"true","1 or NA","max",9,8,37,6,0,2,0,0,"PD-XMM,FP-XMM,x86,PS-XMM","NA","NA",3,"NA",1,"NA","NA",2,"true",0,2,0,0,24,32,0.0357142857,"NA","NA","NA","NA",2,2,2,1.3333333333,1.3333333333,2,2,2,1.3333333333,1.3333333333,1.3333333333,2,2,2,1.3333333333,2,2,"NA","NA","NA","NA","NA","NA",100,100,100,"NA",100,"NA",100,100,100,"NA",100,"NA",2,1,4.5,12,16,28,"NA"
"sp","codelet_0612t675",8.37283,402,10581100000,15481711308,15488600000,3772880000,59743000,402,3832620000,8.37283,8.31861,1861.9,1.4638,1799.965,448.235,7.09773,"4.77594e-05",455.333,418742000,653746000,653746000,653746000,0.0395746,0.0617845,1.56122,649585000,82977500,4958.22,633.359,5591.57,46.884,20502,0.00244919,653701500,377045000,4996.69,2882.05,7878.74,65.9673,653013500,371800500,0,653779000,0,7830.935,65.5881,0,0,0,912.925,3875410000,1551980000,2.49707,903.568,653708000,0.061781,240785000,10889800,0.0227562,0.00102918,0.0452264,43.944,983111000,769443000,0.0929123,0.0727189,0.782662,13605200,0.00128581,"compute_rhs_","40a534","/NPB3.0-SER/SP/rhs.f","23-38",147,"true",1,"true",2,"high",48,55,299,12,0,13,0,0,"PS-XMM,SD,x86,PD-XMM","NA",8,10,"NA",24,"NA",0.2727272727,1,"true",6,22,2,2,160,112,0.1176470588,19,19,12,12,12,14,19,13,7,18,7,7,10,54,7,18,7,7,10,54,2,"NA","NA","NA","NA","NA","NA",80.9523809524,55.5555555556,100,100,100,100,80.9523809524,55.5555555556,100,100,100,100,54,0.5925925926,0.8888888889,2.962962963,2.0740740741,5.037037037,54
"bt","codelet_1q1uztgi",111.017,201,"4.06879e+11",216217511068,"2.06415e+11",32003500000,"1.51247e+11",201,"1.83321e+11",111.017,110.873,1861.89,0.507312,2517.79,288.659,1364.15,"1.81321e-06",1652.66,4047540000,348737000,348735000,348736000,0.00994777,0.000857101,0.0861601,411827000,135866000,237.204,78.2562,315.46,35.0524,10251,"9.2417e-05",8950270000,5242320000,5130.94,3005.46,8136.4,908.29,345745500,130361500,0,344852000,0,274.4275,30.47085,0,0,0,1941.52,"1.09093e+11",75905900000,1.43721,1939.54,8950830000,0.0219987,1029310000,6727040,0.00252976,"1.65333e-05",0.0065355,395.294,5961470000,413403000,0.0146517,0.00101603,0.0693459,26763100,"6.57764e-05","y_solve_","41ed5f","/NPB3.0-SER/BT/y_solve.f","42-124",158,"true",1,"true",2,"medium",96,95,578,9,0,16,0,8,"x86,SD,PD-XMM,PS-XMM","NA",85,5,"NA","NA","NA",1,1,"true",34,53,0,0,256,808,0.1785714286,98,98,58,43,58,66,63,54,98,30,60,60,32,54,98,30,60,60,32,53,21,"NA","NA","NA","NA","NA","NA",95.0892857143,60,99.0099009901,100,100,100,95.0892857143,60,99.0099009901,100,100,100,63,1.4617940199,2.7301587302,6.7508305648,6.3492063492,8.1739130435,32
"sp","codelet_2v56b796",5.75167,401,4215960000,10686566912,10660800000,1018130000,16066400,401,1034200000,5.75167,5.72566,1861.91,2.52866,710.691,177.035,2.79367,"6.97283e-05",179.829,294642000,520283000,520284000,520285000,0.0698872,0.123408,1.76582,498816000,161774000,5552.67,1800.83,7353.5,42.2778,20451,0.00352664,516816500,254125000,5772.43,2838.39,8610.82,49.3401,520279500,238326500,0,520236000,0,8434.775,48.5508,0,0,0,356.864,2021300000,1010690000,1.99992,356.916,516819000,0.122586,287060000,3042880,0.0680888,0.000721752,0.0106002,14.6867,827333000,598720000,0.196238,0.142013,0.723675,9772260,0.00231792,"add_",416830,"/NPB3.0-SER/SP/add.f","20-22",207,"true",1,"true",8,"max",16,15,118,5,0,4,0,0,"PS-XMM,x86,PD-XMM","NA","NA",8,"NA",4,"NA","NA",2,"true",8,0,0,0,128,64,0.0416666667,"NA","NA","NA","NA",4,4,4,1,5,8,4,4,1,1,5,8,4,4,1,8,2,"NA","NA","NA","NA","NA","NA",100,100,100,100,"NA","NA",100,100,100,100,"NA","NA",8,1,2,16,8,24,"NA"
"mg","codelet_2xepi1y9",2.27649,168,7345320000,4231847920,4226760000,3354710000,22055400,169,3376770000,2.27649,2.27012,1861.91,0.575436,5905.99,1473.95,9.69058,"7.4225e-05",1483.64,213196000,101395000,101395000,101395000,0.0290247,0.013804,0.475594,204751000,4016590,5758.21,112.958,5871.17,13.3611,8568,0.00376369,248508500,61243000,6982.72,1722.23,8704.95,19.8113,101377500,50976200,0,101359500,0,4282.53,9.75064,0,0,0,2957.58,3214500000,615263000,5.2246,2956.46,248709000,0.0338595,61441700,132746,0.00836474,"1.80722e-05",0.00216052,119.549,507362000,211930000,0.0690729,0.0288525,0.41771,3115620,0.000424164,"psinv_","40bbf8","/NPB3.0-SER/MG/mg.f","520-531",130,"true",1,"true",8,"high",143,150,804,13,0,13,0,0,"x86,PS-XMM,PD-XMM,SD","NA",8,57,"NA",72,"NA",4.3333333333,1,"true",104,24,0,0,864,192,0.1212121212,51,51,36,36,36,51,51,12.6666666667,52,62,12,12,12.3333333333,12.6666666667,52,62,12,12,12.3333333333,62,2,"NA","NA","NA","NA","NA","NA",94.1605839416,87.0967741935,100,100,100,"NA",94.1605839416,87.0967741935,100,100,100,"NA",62,2.064516129,2.3064516129,13.935483871,3.0967741935,17.0322580645,58
"cg","codelet_3lkaf7j3",127.296,76,98149200000,249443797464,"2.36704e+11",34926400000,1323880000,78,36250300000,127.296,127.133,1861.92,2.41168,1107.81,274.36,10.3999,"6.1272e-07",284.76,"2.3701e+10",4983560000,4983560000,4983560000,0.24148,0.0507754,0.210268,28144100000,37195100,14147.2,18.6969,14165.9,1803.6,3876,"3.04486e-05",29912650000,77462800,15039.3,38.9462,15078.2,1919.37,4985120000,57038150,0,4984100000,0,2535.13,322.698,0,0,0,559.224,"6.6254e+10",356352000,185.923,559.119,29912700000,0.304767,4877480000,337396000,0.0496946,0.00343759,0.0691742,20.1229,30927600000,28264900000,0.315109,0.287979,0.913904,78083200,0.000795556,"conj_grad_","405de0","/NPB3.0-SER/CG/cg.f","594-595",66,"true",1,"true",8,"medium",7,6,99,7,0,9,0,0,"x86,SD","NA","NA","NA","NA","NA","NA",1,2,"true",8,8,0,0,256,64,0.125,"NA","NA","NA","NA",7,7,6,4.6666666667,4.3333333333,8,8,8,5,4.6666666667,4.3333333333,8,8,8,5,8,6,"NA","NA","NA","NA","NA","NA",75,66.6666666667,"NA",100,100,"NA",75,66.6666666667,"NA",100,100,"NA",8,3,2.9375,8,8,8,"NA"
"lu","codelet_5g6luxej",0.0305684,3,148204000,56806420,56728900,12007800,6004680,3,18012500,0.0305684,0.0304682,1861.88,0.382774,1766.835,392.281,196.165,"9.80062e-05",588.447,814744,1927740,1927750,1927760,0.00549746,0.0130074,2.36606,1944260,861,4071.55,1.80305,4073.35,0.124488,153,0.00500127,1934915,870,4050.92,1.82144,4052.74,0.123889,1927550,255049,0,1927330,0,4567.775,0.1396865,0,0,0,971.434,30274600,9092780,3.32952,982.444,1934930,0.0130559,19562000,30937,0.131994,0.000208747,0.00158149,7.57611,3789320,1946100,0.0255683,0.0131313,0.513576,30925,0.000208666,"l2norm_","414fc0","/NPB3.0-SER/LU/l2norm.f","45-46",141,"true",1,"true",4,"max",11,10,53,4,0,2,0,0,"PS-XMM,PD-XMM,x86","NA","NA",4,"NA",4,"NA",1,2,"true",4,4,0,0,64,32,0.0833333333,"NA","NA","NA","NA",3,3,3,2,2,4,2,2,2,2,2,4,2,2,2,4,2,"NA","NA","NA","NA","NA","NA",100,100,100,100,100,"NA",100,100,100,100,100,"NA",4,2,2.75,16,8,24,"NA"
"cg","codelet_77bv9i9o",5.06662,76,3868380000,9927152252,"9.421e+09",1365470000,52586800,76,1418060000,5.06662,5.05989,1861.92,2.43539,1088.565,269.522,10.3806,"1.50024e-05",279.903,943191000,197361000,197361000,197361000,0.243821,0.051019,0.209248,1122890000,773563,14177.6,9.76699,14187.3,71.9143,3876,0.000764972,1190800000,967191,15041.9,12.2173,15054.1,76.2734,197391500,2220265,0,197350500,0,2521.53,12.77515,0,0,0,549.407,2627400000,5725360,458.905,549.425,1190800000,0.30783,192991000,13481100,0.0498894,0.00348494,0.0698533,20.0443,1225500000,1125910000,0.3168,0.291054,0.91873,3082810,0.000796927,"conj_grad_","405f58","/NPB3.0-SER/CG/cg.f","609-610",49,"true",1,"true",8,"max",27,30,152,7,0,6,0,0,"SD,x86,PD-XMM","NA",4,"NA","NA",12,"NA",1,1,"true",8,8,0,0,160,0,0.1,10,10,7,7,7,7,10,4.6666666667,4.3333333333,20,0,0,5,4.6666666667,4.3333333333,20,0,0,5,20,6,"NA","NA","NA","NA","NA","NA",75,66.6666666667,"NA",100,100,"NA",75,66.6666666667,"NA",100,100,"NA",20,0.8,1.35,8,0,8,18
"sp","codelet_7hw4mhgq",0.0341614,2,50309400,63489832,38987400,0,20,2,26,0.0341614,0.0209402,1861.96,0.774982,0.0005853415,0,0.000585149,"5.85149e-05",0.000760694,1485260,1371380,1371380,1371390,0.0295226,0.027259,0.923326,671790,161982,1256.77,303.031,1559.8,0.0533614,102,0.00298694,672750.5,670321,1258.33,1253.68,2512.01,0.0859604,724867,1260440,0,1370030,0,3719.87,0.1270595,0,0,0,0.000584745,5338530,10623300,0.502531,0.000585534,672690,0.0133711,6462440,69015,0.128454,0.00137181,0.0106794,7.78489,719147,716215,0.0142945,0.0142362,0.995923,43268,0.000860039,"initialize_","403e4d","/NPB3.0-SER/SP/initialize.f","29-30",29,"true",1,"true",2,"high",8,9,38,4,0,1,0,0,"FP-XMM,x86,PD-XMM","NA","NA","NA","NA",2,"NA","NA",2,"true",0,0,0,0,8,16,0,"NA","NA","NA","NA",2,1,2,1.6666666667,1.3333333333,1,2,2,3,1.6666666667,1.3333333333,1,2,2,3,3,2,"NA","NA","NA","NA","NA","NA",100,100,100,"NA","NA","NA",100,100,100,"NA","NA","NA",3,0,2.6666666667,2.6666666667,5.3333333333,8,"NA"
"lu","codelet_7ztudex2",0.0180867,1,4587760,34742164,9418490,0,10,1,13,0.0180867,0.00505934,1862.16,2.05325,0.000552823,0,0.000552892,"5.52892e-05",0.00071876,773236,694973,694975,694977,0.168543,0.151484,0.898785,705,316,2.49053,1.11632,3.60686,"6.5344e-05",51,0.00282811,1865,1920,7.49265,6.76346,14.2561,0.000259008,50207.5,649478.5,0,695313,0,2478.515,0.0447799,0,0,0,0.000553342,136452,2711330,0.0503266,0.000552892,1603,0.000349408,500313,24894,0.109054,0.00542617,0.0497569,9.16979,1597,707,0.0003481,0.000154106,0.442705,32655,0.00711785,"erhs_","40cb4b","/NPB3.0-SER/LU/erhs.f","37-39",62,"true",1,"true",8,"max",8,7,33,5,0,1,0,0,"x86,PS-XMM","NA","NA",4,"NA","NA","NA","NA",2,"true",0,0,0,0,0,64,0,"NA","NA","NA","NA",2,2,2,1,1,0,4,4,1,1,1,0,4,4,1,4,2,"NA","NA","NA","NA","NA","NA",100,"NA",100,"NA","NA","NA",100,"NA",100,"NA","NA","NA",4,0,2,0,16,16,"NA"
"mg","codelet_9guj5g8w",0.0674451,2,33556000,122890828,125022000,0,20,2,26,0.0674451,0.0671466,1861.91,3.72576,0.0002972605,0,0.000297165,"2.97165e-05",0.000386315,4726990,4338710,4338720,4338720,0.140869,0.129298,0.917861,4055540,3395830,3853.95,3227.04,7080.99,0.476888,102,0.00151211,4303500,4291350,4075.62,4064.12,8139.74,0.550069,4316610,3911410,0,4340180,0,7823.175,0.5265935,0,0,0,0.000296835,1467050,17574100,0.0834782,0.000297356,4303520,0.128249,4394670,4862,0.130965,0.000144892,0.00110634,7.6356,3745520,5073900,0.11162,0.151207,1.35466,98398,0.00293236,"zran3_","41039c","/NPB3.0-SER/MG/mg.f","1164-1164",169,"true",1,"true",1,"NA",4,3,12,4,0,0,0,0,"x86","NA","NA","NA","NA","NA","NA","NA",2,"true",0,0,0,0,0,8,0,"NA","NA","NA","NA",1,1,1,0.6666666667,0.3333333333,0,1,1,1,0.6666666667,0.3333333333,0,1,1,1,1,2,0,"NA",0,"NA","NA","NA","NA","NA","NA","NA","NA","NA",0,"NA",0,"NA","NA","NA",2,0,2,0,4,4,1
"bt","codelet_9salavfj",114.668,201,"4.06491e+11",221118212212,"2.13204e+11",31946400000,"1.51307e+11",201,"1.83247e+11",114.668,114.511,1861.89,0.524498,2435.51,278.844,1320.52,"1.75477e-06",1599.47,4887420000,318869000,318868000,318869000,0.0120234,0.000784442,0.0652429,885721000,223254000,495.481,124.891,620.372,70.9744,10251,"8.95097e-05",9368355000,5213570000,5179.63,2883.08,8062.71,933.125,318500000,128898000,0,317576500,0,249.3205,28.63345,0,0,0,1878.43,"1.09298e+11",75809400000,1.44175,1878.63,9370210000,0.0230514,1029300000,6188680,0.00253216,"1.52246e-05",0.00601252,394.92,7586010000,980253000,0.0186622,0.0024115,0.129219,389388000,0.000957925,"z_solve_","426da3","/NPB3.0-SER/BT/z_solve.f","42-124",167,"true",1,"true",2,"medium",96,95,578,8,0,16,0,8,"x86,SD,PD-XMM,PS-XMM","NA",85,5,"NA","NA","NA",1,1,"true",34,250,2,0,272,800,0.1785714286,98,98,57,276,57,70,37,54,98,30,60,60,301,54,98,30,60,60,301,301,21,"NA","NA","NA","NA","NA","NA",96.3963963964,68,100,100,100,100,96.3963963964,68,100,100,100,100,37,1.4617940199,2.5991189427,6.7508305648,5.8823529412,8.3171806167,301
"lu","codelet_a5i9q5oc",49.2564,25000,"1.06752e+11",91655587240,91521100000,0,"6.026e+10",25001,60260100000,49.2564,49.1541,1861.88,0.857323,1222.635,0,1223.29,0.000507568,1223.29,4364960000,106497000,106502000,106501000,0.0408889,0.000997618,0.0243982,2745600000,23262300,3575.22,30.2913,3605.51,177.207,1275000,0.0258507,2900805000,331386000,3777.35,431.464,4208.81,206.885,97132150,57473300,0,97224400,0,200.76985,9.894745,0,0,0,1223.29,36331200000,7340640000,4.94932,1221.67,2900410000,0.0271696,266387000,2551780,0.00249539,"2.39039e-05",0.00957921,400.739,5551740000,2780600000,0.0520062,0.0260474,0.500851,44657100,0.000418327,"blts_",419079,"/NPB3.0-SER/LU/blts.f","73-243",149,"true",1,"true","1 or NA","max",424,423,2497,16,0,16,0,21,"SD,x86,PS-XMM","NA",348,31,"NA","NA","NA",0.8771929825,1,"true",100,114,9,0,1160,232,0.1602011494,157,157,106,106,106,149,157,123,100,145,29,29,61,198,100,145,29,29,61,198,160,0,0,0,"NA","NA","NA",8.1794195251,0,0,0,0,77.5,8.0310880829,0,0,0,0,77.5,198,1.1262626263,2.1414141414,5.8585858586,1.1717171717,7.0303030303,99
"cg","codelet_ah8c616d",0.0161976,1,28176500,26743500,30089100,0,10,1,13,0.0161976,0.016161,1861.91,1.06788,0.000618541,0,0.000617853,"6.17853e-05",0.000803208,919258,866070,866071,866072,0.032625,0.0307373,0.94214,864032,319397,3406.56,1259.27,4665.83,0.0757395,51,0.00315307,863324,856331,3404.13,3376.56,6780.69,0.110058,866392.5,764507.5,0,866257,0,6429.325,0.104378,0,0,0,0.00061609,3746820,3596600,1.04177,0.000617853,863327,0.0306399,4159580,168436,0.147626,0.00597789,0.0404935,6.77388,1613190,988210,0.0572528,0.0350721,0.612583,15078,0.000535126,"MAIN__","403fae","/NPB3.0-SER/CG/cg.f","195-196",17,"true",1,"true",4,"max",7,6,35,3,0,3,0,0,"INTD-XMM,x86,INT-XMM","NA","NA","NA","NA","NA","NA","NA",2,"true",0,0,0,0,16,16,0,"NA","NA","NA","NA",2,2,2,1.5,1,1,1,1,1.5,1.5,1,1,1,1,1.5,1.5,2,100,100,100,100,"NA","NA","NA","NA","NA","NA","NA","NA",100,100,100,100,"NA","NA",2,0,3.5,8,8,16,"NA"
"ft","codelet_ajh8suhy",60.5748,270336,"1.80598e+11",113996757084,"1.12839e+11",48359100000,2703440,270340,48362600000,60.5748,60.6015,1861.85,0.624785,3194.045,798.625,0.0446451,0.00446452,798.683,13011500000,187363000,187362000,187362000,0.0720468,0.00103746,0.0143998,6157320000,1267400000,6503.32,1338.62,7841.95,475.182,13787100,0.227705,10627700000,5200600000,11222,5491.54,16713.6,1013,191856500,189173500,0,192125500,0,402.728,24.38595,0,0,0,1597.57,22373200000,19899400000,1.12431,1596.8,10627900000,0.0588484,"1.097e+10",13549300,0.0607425,"7.50249e-05",0.00123513,16.4629,15263500000,7727900000,0.0845166,0.0427906,0.506298,22654400,0.000125441,"swarztrauber_","4054b2","/NPB3.0-SER/FT/fft3d.f","77-82",43,"true",1,"true","1 or NA","max",9,8,79,7,0,6,0,0,"x86,PS-XMM,PD-XMM,FP-XMM","NA","NA",6,"NA","NA","NA","NA",2,"true",6,4,0,0,32,32,0.15625,"NA","NA","NA","NA",5,4,5,3.3333333333,3.6666666667,2,2,2,6,3.3333333333,3.6666666667,2,2,2,6,6,2,"NA","NA","NA","NA","NA","NA",100,100,100,"NA","NA","NA",100,100,100,"NA","NA","NA",6,1.6666666667,4.5,5.3333333333,5.3333333333,32,"NA"
"sp","codelet_alcg4uf1",0.0203094,1,21976400,39739632,13212700,0,10,1,13,0.0203094,0.00668862,1754.9,0.566674,0.000492596,0,0.000492384,"4.92384e-05",0.000640099,755218,687167,687170,687173,0.0343649,0.0312683,0.909892,645,252,2.0023,0.782292,2.78459,"5.7408e-05",51,0.00245803,1271,970,3.75365,2.97957,6.73322,0.000140288,46618,568002,0,686703,0,1924.805,0.0393357,0,0,0,0.000492384,21606,5317030,0.00406355,0.000485413,1320,"6.00643e-05",3236470,14047,0.14727,0.000639184,0.00434022,6.79025,1302,618,"5.92452e-05","2.8121e-05",0.474654,31648,0.00144009,"exact_rhs_","404ba0","/NPB3.0-SER/SP/exact_rhs.f","25-27",64,"true",1,"true",2,"max",7,8,28,4,0,1,0,0,"x86,PD-XMM","NA","NA","NA","NA",2,"NA","NA",2,"true",0,0,0,0,0,16,0,"NA","NA","NA","NA",2,2,2,1.6666666667,1.3333333333,0,2,2,3,1.6666666667,1.3333333333,0,2,2,3,3,2,"NA","NA","NA","NA","NA","NA",100,"NA",100,"NA","NA","NA",100,"NA",100,"NA","NA","NA",3,0,2.3333333333,0,5.3333333333,5.3333333333,"NA"
"lu","codelet_bdcevv5m",48.8822,25000,"1.08502e+11",90842507748,90823800000,0,"6.0846e+10",25000,"6.0846e+10",48.8822,48.7795,1861.88,0.837068,1244.15,0,1244.74,0.00051143,1244.74,3958420000,212554000,212556000,212557000,0.0364826,0.001959,0.0536968,2748590000,28970900,3602.82,37.9748,3640.8,177.764,1275000,0.0260636,2931160000,331446000,3841.55,434.365,4275.91,208.818,204928500,74410950,0,204605500,0,365.7105,17.8777,0,0,0,1244.74,37831100000,7595610000,4.98066,1243.24,2930990000,0.0270133,266387000,2575570,0.00245515,"2.37376e-05",0.0096685,407.308,5703080000,2771240000,0.0525622,0.025541,0.485921,45578100,0.000420068,"buts_","41d77e","/NPB3.0-SER/LU/buts.f","70-239",162,"true",1,"true","1 or NA","max",433,432,2576,16,0,16,0,22,"SD,x86,PS-XMM","NA",355,30,"NA","NA","NA",0.9210526316,1,"true",105,114,9,0,1208,240,0.1574585635,162,162,109,108,108,155,162,123,105,151,30,30,63,198,105,151,30,30,63,198,129,0,0,0,"NA","NA","NA",7.7922077922,0,0,0,0,76.9230769231,7.6530612245,0,0,0,0,76.9230769231,198,1.1515151515,2.1868686869,6.101010101,1.2121212121,7.3131313131,99
"ft","codelet_bfvnd0aj",0.600264,1,1280250000,1120243308,965091000,435915000,131492,1,436046000,0.600264,0.518338,1861.91,0.753829,2905.65,726.414,0.219124,"1.66615e-06",726.633,6362800,4295980,4295980,4295980,0.00496996,0.00335557,0.675172,2738,666,0.291961,0.0710176,0.362979,0.000217856,51,"8.4961e-05",7584.5,6339,0.766424,0.675899,1.44232,0.000865728,290244.5,4177840,0,4296525,0,476.4005,0.2859575,0,0,0,1453.19,353044000,67601500,5.22243,1452.82,7981,"6.23393e-06",117900000,114412,0.0920914,"8.93668e-05",0.000970414,10.8588,10819,2797,"8.45068e-06","2.18473e-06",0.258527,131460,0.000102683,"appft_","402d0c","/NPB3.0-SER/FT/appft.f","45-47",2,"true",1,"true",4,"high",21,23,102,5,0,3,0,3,"INTD-XMM,PD-XMM,INT-XMM,PS-XMM,x86","NA","NA",1,"NA",2,"NA","NA",2,"true",0,2,0,0,80,32,0.0178571429,"NA","NA","NA","NA",5,4,5,5.6666666667,7,5,3,3,5.3333333333,5.6666666667,7,5,3,3,5.3333333333,7,2,92.3076923077,100,100,100,100,80,100,100,100,"NA",100,100,93.75,100,100,100,100,83.3333333333,7,0.2857142857,3,11.4285714286,4.5714285714,16,6.25
"sp","codelet_ciposq9y",18.9849,402,68729800000,35214867196,35245200000,27589900000,1155490000,403,28745200000,18.9849,18.9299,1861.91,0.512807,5867.895,1453.22,60.8525,"2.11838e-05",1514.07,1477400000,849178000,849178000,849179000,0.0214958,0.0123553,0.574778,1368080000,40008200,4611.92,134.871,4746.79,90.1173,20502,0.0010795,1774715000,513643000,5993.69,1732.06,7725.75,146.629,849485500,255177500,0,849338500,0,3720.09,70.69845,0,0,0,2969.23,27469800000,4125100000,6.65917,2961.41,"1.772e+09",0.0257821,1347970000,6925970,0.0196126,0.000100771,0.00513806,50.9875,3511880000,1413090000,0.051097,0.0205601,0.402374,13888800,0.000202078,"compute_rhs_",410540,"/NPB3.0-SER/SP/rhs.f","259-263",128,"true",1,"true",4,"max",394,461,2467,8,0,7,0,12,"SD,x86,PD-XMM","NA",6,"NA","NA",254,"NA",1.25,2,"true",8,8,0,0,96,160,0.204845815,"NA","NA","NA","NA",99,8,5,7,7,8,20,20,9,7,7,8,20,20,9,8,2,"NA","NA","NA","NA","NA","NA",86.402266289,68.2119205298,100,100,100,"NA",86.402266289,68.2119205298,100,100,100,"NA",8,2.4,2.5454545455,8,2,8.7272727273,9
"is","codelet_cwibzte7",5.55009,1,4026580000,10334514628,10251600000,13,3522940000,3,3522940000,5.55009,5.506,1861.91,2.54599,634.7475,"2.34231e-06",634.754,"5.40533e-07",634.754,18585900,2171210,2171190,2171190,0.00461581,0.000539219,0.11682,2075,1122,0.0239281,0.0129384,0.0368665,0.000204608,243,"4.37838e-05",7752.5,5067,0.0869703,0.05843,0.1454,0.000806976,216654,2032625,0,2168600,0,25.9363,0.143954,0,0,0,634.764,36873,33590200,0.00109773,634.741,7963,"1.97761e-06",33590900,36,0.0083423,"8.9406e-09","1.07172e-06",119.871,5228,1979,"1.29837e-06","4.91484e-07",0.378539,65568,"1.62838e-05","NA","NA","/NPB3.0-SER/IS/is.c","341-349","NA","NA","NA","NA","NA","NA","NA","NA","NA","NA","NA","NA","NA","NA","NA","NA","NA","NA","NA","NA","NA","NA","NA","NA","NA","NA","NA","NA","NA","NA","NA","NA","NA","NA","NA","NA","NA","NA","NA","NA","NA","NA","NA","NA","NA","NA","NA","NA","NA","NA","NA","NA","NA","NA","NA","NA","NA","NA","NA","NA","NA","NA","NA","NA","NA","NA","NA","NA","NA","NA","NA","NA","NA","NA","NA","NA","NA"
"sp","codelet_e3rjjpkq",17.5943,402,66198200000,32751933616,32658700000,27035800000,1714540000,403,28750200000,17.5943,17.5405,1861.91,0.493347,6241.88,1536.42,97.4361,"2.29097e-05",1633.86,388944000,839108000,839108000,839108000,0.00587545,0.0126757,2.1574,837825000,17901000,3047.5,65.1129,3112.61,54.7665,20502,0.0011653,843780000,258392000,3067.49,940.193,4007.68,70.4912,839356500,269342000,0,839217500,0,4033.105,70.9567,0,0,0,3171.18,"2.7446e+10",4268580000,6.42977,3170.28,844526000,0.0127575,342988000,9717320,0.00518123,0.000146791,0.0283314,193.004,1684640000,855383000,0.0254485,0.0129215,0.507753,13743100,0.000207606,"compute_rhs_","40c5f0","/NPB3.0-SER/SP/rhs.f","66-115",135,"true",1,"true",4,"medium",394,461,812,9,0,16,0,11,"SD,x86,PD-XMM","NA",48,"NA","NA",85,"NA",1.25,1,"true",50,40,0,0,480,80,0.2057522124,51,51,99,99,99,39,51,27,30,60,20,20,41,27,30,60,20,20,41,60,2,"NA","NA","NA","NA","NA","NA",86.402266289,68.2119205298,100,100,100,"NA",86.402266289,68.2119205298,100,100,100,"NA",60,2.4155844156,2.5584415584,8,1.3333333333,9.3333333333,45
"mg","codelet_e77x2p6t",1.0402,147,2624590000,1930711688,1920120000,451825000,321930000,147,773753000,1.0402,1.03128,1861.91,0.731588,2046.77,434.286,309.464,0.000141318,743.75,64651100,57242700,57242800,57242800,0.0246328,0.0218101,0.88541,82840300,2048700,5097.3,126.06,5223.36,5.4329,7497,0.00720558,101265000,12284200,6221.24,755.687,6976.93,7.25853,56992500,8559440,0,57256000,0,4033.4,4.195325,0,0,0,1177.45,1293840000,138396000,9.34883,1178.04,101400000,0.0386345,80625800,783868,0.0307194,0.000298663,0.0097223,32.5528,189323000,90085200,0.0721343,0.0343235,0.475827,1283570,0.000489054,"rprj3_",411560,"/NPB3.0-SER/MG/mg.f","687-697",209,"true",1,"true",8,"high",77,89,814,16,0,8,0,6,"SD,x86,PD-XMM","NA",32,"NA","NA",72,"NA","NA",1,"true",48,8,0,0,560,16,0.1285714286,52,52,30,51,30,43,52,8,24,70,16,16,49,8,24,70,16,16,49,70,2,"NA","NA","NA","NA","NA","NA",74,53.5714285714,100,100,"NA","NA",74,53.5714285714,100,100,"NA","NA",70,1.1612903226,2.4838709677,8.5161290323,1.8285714286,9.8285714286,54
"mg","codelet_eh02x069",0.114629,4,431516000,212648272,212669000,49564300,71227900,4,120793000,0.114629,0.114221,1861.91,0.492842,2350.765,432.397,621.35,"3.48936e-05",1053.75,2952120,8504940,8504950,8504960,0.00684129,0.0197094,2.88096,8506540,1548,4748.75,0.864167,4749.62,0.544518,204,0.00177811,8476430,4225,4730.32,2.35779,4732.67,0.542762,8510740,519595.5,0,8509830,0,5043.445,0.5779415,0,0,0,1486.14,85597300,136462,627.261,1485.7,8476440,0.0196434,56758100,135688,0.131532,0.000314445,0.00239064,7.60273,16454100,8640940,0.0381308,0.0200246,0.525155,133830,0.000310139,"NA","NA","/NPB3.0-SER/MG/mg.f","919-927","NA","NA","NA","NA","NA","NA","NA","NA","NA","NA","NA","NA","NA","NA","NA","NA","NA","NA","NA","NA","NA","NA","NA","NA","NA","NA","NA","NA","NA","NA","NA","NA","NA","NA","NA","NA","NA","NA","NA","NA","NA","NA","NA","NA","NA","NA","NA","NA","NA","NA","NA","NA","NA","NA","NA","NA","NA","NA","NA","NA","NA","NA","NA","NA","NA","NA","NA","NA","NA","NA","NA","NA","NA","NA","NA","NA","NA"
"sp","codelet_el0upqbv",3.9075,402,4224540000,7252999596,7242650000,1003180000,16248900,402,1019430000,3.9075,3.88993,1861.91,1.71442,1029.98,255.224,4.13406,0.000102275,259.358,289159000,261224000,261224000,261225000,0.0684476,0.0618348,0.903389,250829000,145468000,4110.3,2383.77,6494.07,25.363,20502,0.00518764,259135000,254586000,4226.75,4152.54,8379.29,32.8782,261245500,212232000,0,261216500,0,7786.82,30.3026,0,0,0,510.937,1013290000,1013210000,1.00009,519.551,259134000,0.0613403,285805000,3003520,0.0676535,0.00071097,0.010509,14.7812,447190000,298238000,0.105855,0.0705965,0.666915,4912580,0.00116287,"compute_rhs_","410f50","/NPB3.0-SER/SP/rhs.f","389-391",69,"true",1,"true",8,"max",16,15,101,5,0,5,0,0,"PS-XMM,x86,PD-XMM","NA","NA",8,"NA",4,"NA","NA",2,"true",0,8,0,0,64,64,0.0625,"NA","NA","NA","NA",4,4,4,4,1.6666666667,4,4,4,1.3333333333,4,1.6666666667,4,4,4,1.3333333333,4,2,"NA","NA","NA","NA","NA","NA",100,100,100,"NA",100,"NA",100,100,100,"NA",100,"NA",4,2,4,16,16,32,"NA"
"lu","codelet_f5scgu90",0.0417946,1,50631200,78380120,53260300,23644000,10987100,1,34630600,0.0417946,0.0286079,1861.94,1.05198,2526.25,566.002,263.029,"2.39384e-05",829.031,850576,694993,694994,694996,0.0167994,0.0137266,0.817085,682,247,1.04554,0.378664,1.42421,"5.9456e-05",51,0.00122025,1785,2002,3.34764,3.06726,6.4149,0.000267968,49810,687942.5,0,694874,0,1130.47,0.04721615,0,0,0,1397.19,7929060,3413610,2.32278,1394.15,1385,"2.73547e-05",583555,3317,0.0115256,"6.5513e-05",0.00568413,86.7634,1419,766,"2.80262e-05","1.5129e-05",0.539817,46576,0.000919907,"erhs_","4053ac","/NPB3.0-SER/LU/erhs.f","49-57",58,"true",1,"true","1 or NA","max",93,94,488,11,0,16,0,14,"FP-XMM,x86,PS-XMM,PD-XMM,SD","NA",26,19,"NA",40,"NA",1.3333333333,1,"true",56,40,2,0,192,80,0.3602941176,32,32,24,23,23,30,32,28,36,14,6,6,10,44,36,14,6,6,10,44,2,"NA","NA","NA","NA","NA","NA",70.1149425287,71.4285714286,66.6666666667,75,66.6666666667,63.6363636364,70.1149425287,71.4285714286,66.6666666667,75,66.6666666667,63.6363636364,44,2.2272727273,2.1136363636,4.3636363636,1.8181818182,6.1818181818,31
"bt","codelet_f5wo0uxw",0.0196296,1,21976400,36661984,12439400,0,10,1,13,0.0196296,0.00668043,1861.94,0.565975,0.000509188,0,0.000510055,"5.10055e-05",0.000663072,777497,692505,692508,692509,0.0353787,0.0315112,0.890685,576,239,1.87586,0.778352,2.65421,"5.216e-05",51,0.00259812,1040,929,3.3307,3.03058,6.36128,0.0001248,48568,655100,0,693697,0,2288.395,0.04503475,0,0,0,0.000511274,21601,5317020,0.00406261,0.000508321,1059,"4.8188e-05",3236470,14047,0.14727,0.000639185,0.00434023,6.79026,1242,526,"5.65151e-05","2.39347e-05",0.42351,31619,0.00143877,"exact_rhs_","404df0","/NPB3.0-SER/BT/exact_rhs.f","24-26",64,"true",1,"true",2,"max",7,8,28,4,0,1,0,0,"x86,PD-XMM","NA","NA","NA","NA",2,"NA","NA",2,"true",0,0,0,0,0,16,0,"NA","NA","NA","NA",2,2,2,1.6666666667,1.3333333333,0,2,2,3,1.6666666667,1.3333333333,0,2,2,3,3,2,"NA","NA","NA","NA","NA","NA",100,"NA",100,"NA","NA","NA",100,"NA",100,"NA","NA","NA",3,0,2.3333333333,0,5.3333333333,5.3333333333,"NA"
"cg","codelet_ffhehgar",0.0286763,1,96035800,55323500,53341400,0,10,1,13,0.0286763,0.0286485,1861.92,0.555433,0.000348642,0,0.000348595,"3.48595e-05",0.000453173,1823690,928570,928570,928570,0.0189897,0.009669,0.50917,1579160,440126,3524.39,982.277,4506.66,0.129234,51,0.00177863,1858230,930336,4145.24,2075.37,6220.61,0.178467,928129.5,51579.5,0,927902,0,2187.345,0.06270135,0,0,0,0.000348595,29549400,14774800,1.99999,0.000348732,1858260,0.0193496,7387680,4,0.0769263,"4.16511e-08","5.41442e-07",12.9994,2655240,1636080,0.0276485,0.0170361,0.616168,18725,0.000194979,"sparse_","40737a","/NPB3.0-SER/CG/cg.f","797-799",119,"true",1,"true",1,"max",9,12,33,7,0,0,0,0,"x86","NA","NA","NA","NA","NA","NA","NA",2,"true",0,0,0,0,8,8,0,"NA","NA","NA","NA",2,2,2,2,2,4,2,2,2,2,2,4,2,2,2,4,2,0,0,0,"NA","NA","NA","NA","NA","NA","NA","NA","NA",0,0,0,"NA","NA","NA",4,0,2.25,2,2,4,2.5
"lu","codelet_gowmx4sy",51.2402,25000,99806700000,95142168028,95200400000,46421900000,946709000,25006,47371200000,51.2402,51.13,1861.88,0.953842,3639.91,905.867,18.4895,0.000488278,924.334,8209690000,335650000,335649000,335654000,0.0822559,0.003363,0.0408846,3639570000,521852000,4553.54,652.899,5206.44,266.331,1275000,0.0248418,4479670000,3617980000,5603.91,4527.62,10131.5,518.145,324709000,146788500,0,324362000,0,588.974,30.1758,0,0,0,1831.74,17224700000,26698700000,0.64515,1828.22,4481310000,0.0448999,292263000,14447600,0.00292829,0.000144756,0.0494336,341.496,5547070000,4128640000,0.0555781,0.0413664,0.744292,57989700,0.00058102,"jacu_","41cb3a","/NPB3.0-SER/LU/jacu.f","40-123",158,"true",1,"true",2,"high",89,114,553,9,0,16,0,10,"FP-XMM,x86,SD,PD-XMM,PS-XMM","NA",6,12,"NA",62,"NA",0.3571428571,1,"true",18,56,0,0,240,176,0.1778846154,36,36,23,29,22,26,36,28,15,19,22,22,36,28,15,19,22,22,36,36,2,"NA","NA","NA","NA","NA","NA",92.6829268293,78.9473684211,100,80,100,100,92.6829268293,78.9473684211,100,80,100,100,36,2.0555555556,2.4722222222,6.6666666667,4.8888888889,11.5555555556,36
"lu","codelet_id2f9qxy",23.6768,251,61559100000,44021921848,"4.4024e+10",18843900000,1217680000,252,"2.0061e+10",23.6768,23.6448,1861.89,0.71515,3235.135,795.832,51.4256,"1.06426e-05",847.258,1002450000,394340000,394340000,394341000,0.0162844,0.00640588,0.393375,396611000,158572000,1071.59,428.44,1500.03,35.5317,12801,0.000541048,2338745000,739498000,6313.32,2001.15,8314.47,196.64,394701000,159554500,0,394511000,0,1498.235,35.47235,0,0,0,1642.91,21930300000,5640220000,3.88821,1643.09,2344490000,0.0380852,2043330000,5739650,0.0331929,"9.32381e-05",0.00280897,30.1269,2221130000,397604000,0.0360813,0.0064589,0.17901,7484730,0.000121586,"rhs_","411fb1","/NPB3.0-SER/LU/rhs.f","271-278",111,"true",1,"true",4,"max",76,93,98,9,0,7,0,1,"SD,x86,PD-XMM","NA","NA","NA","NA",85,"NA",2,2,"true",8,40,0,0,96,80,0.2857142857,"NA","NA","NA","NA",5,5,57,24,6,60,8,8,41,24,6,60,8,8,41,60,2,"NA","NA","NA","NA","NA","NA",84.375,50,100,100,100,"NA",84.375,50,90,100,100,"NA",60,2.2068965517,3.1666666667,8,5.3333333333,9.4035087719,"NA"
"lu","codelet_id4su9eh",0.108304,1,260235000,201506100,201403000,79282200,4878020,1,84178000,0.108304,0.108171,1861.89,0.773927,2974.535,732.2,45.054,"9.23537e-06",777.502,2732310,1301650,1301650,1301650,0.0104994,0.00500182,0.476391,1301330,632479,769.43,373.963,1143.39,0.123764,51,0.000470962,4324080,1868920,2552.7,1103.28,3655.98,0.39636,1301905,634476.5,0,1301035,0,1144.785,0.1239285,0,0,0,1505.71,89831700,22471000,3.99767,1510.01,4323960,0.0166156,8140680,18359,0.031282,"7.05477e-05",0.00225522,31.9672,4054860,1301270,0.0155815,0.00500035,0.320916,23627,"9.07909e-05","erhs_",409840,"/NPB3.0-SER/LU/erhs.f","287-294",41,"true",1,"true",4,"max",76,93,98,8,0,8,0,1,"SD,x86,PD-XMM","NA","NA","NA","NA",85,"NA",2,2,"true",8,40,4,0,96,80,0.2575757576,"NA","NA","NA","NA",5,5,63,33.6666666667,9,61,8,8,41,44,9,61,8,8,41,61,2,"NA","NA","NA","NA","NA","NA",85.2941176471,54.5454545455,100,100,100,"NA",85.2941176471,54.5454545455,90,100,100,"NA",63,2,3.1666666667,8,5.3333333333,9.4035087719,"NA"
"mg","codelet_j5k2371m",4.39148,170,12599800000,8179196020,8076030000,6040140000,40158800,170,6080300000,4.39148,4.33747,1861.91,0.640965,5504.41,1374,9.13519,"3.87113e-05",1383.13,407919000,294840000,294840000,294840000,0.0323751,0.0234004,0.722789,492822000,13803800,7182.14,201.17,7383.31,32.4241,8670,0.00197526,705118500,148144000,10278.5,2159.2,12437.7,54.6151,293105500,104205500,0,294932000,0,5782.29,25.4279,0,0,0,2759.93,5105990000,1206650000,4.23155,2756.41,705021000,0.0559551,118766000,385425,0.00942603,"3.05898e-05",0.00324525,106.089,1261230000,544659000,0.100099,0.0432277,0.431847,8252830,0.000654998,"resid_","40d325","/NPB3.0-SER/MG/mg.f","590-606",147,"true",1,"true",8,"high",125,128,697,14,0,13,0,0,"x86,PS-XMM,PD-XMM,SD","NA",4,53,"NA",64,"NA",4,1,"true",96,24,0,0,736,192,0.1293103448,44,44,32,31,31,46,46,12,48,50,12,12,7,12,48,50,12,12,7,50,2,"NA","NA","NA","NA","NA","NA",96.694214876,92,100,100,100,"NA",96.694214876,92,100,100,100,"NA",50,2.4,2.5,14.72,3.84,18.56,48
"bt","codelet_jbbvz7xk",9.07555,202,33330400000,16840977792,16855500000,13653200000,862247000,202,14515400000,9.07555,9.05292,1861.89,0.50571,6117.14,1504.39,95.0077,"2.22576e-05",1599.4,719509000,423233000,423233000,423234000,0.0215871,0.0126981,0.588224,682228000,18461300,4812.87,130.238,4943.11,44.8441,10302,0.00113497,681508500,256568000,4805.82,1809.15,6614.97,60.0393,423259000,136136000,0,423187000,0,3951.52,35.80125,0,0,0,3101.02,13773800000,2111680000,6.52269,3108.44,681470000,0.0204459,172872000,3430100,0.00518661,0.000102912,0.0198418,192.804,1365230000,696486000,0.0409604,0.0208964,0.51016,7138620,0.000214177,"compute_rhs_","40c701","/NPB3.0-SER/BT/rhs.f","61-110",127,"true",1,"true",4,"high",394,461,807,16,0,16,0,27,"SD,x86,PD-XMM","NA",48,"NA","NA","NA","NA",1.25,1,"true",51,43,0,0,480,80,0.2057522124,73,73,99,99,99,58,73,43,52,60,20,20,41,43,52,60,20,20,41,60,2,"NA","NA","NA","NA","NA","NA",86.402266289,68.2119205298,100,100,100,"NA",86.402266289,68.2119205298,100,100,100,"NA",73,2.4155844156,2.5584415584,8,2.0821917808,9.3333333333,45
"mg","codelet_jhez9gww",0.0669923,2,273795000,124653200,124272000,0,20,2,26,0.0669923,0.0667439,1861.91,0.453886,0.00029834,0,0.000298542,"2.98542e-05",0.000388104,1865620,4278850,4278860,4278860,0.00681392,0.015628,2.29353,4259120,1525,4067.56,1.45641,4069.02,0.272681,102,0.00152392,4239720,3675,4048.42,3.50913,4051.93,0.271581,4281265,391579.5,0,4280755,0,4458.37,0.299062,0,0,0,0.000298827,101881000,557675,182.689,0.000298138,4239660,0.0154848,84421300,133175,0.308338,0.000486404,0.0015775,3.24319,8326370,4260350,0.030411,0.0155604,0.51167,66707,0.000243639,"NA","NA","/NPB3.0-SER/MG/mg.f","1084-1103","NA","NA","NA","NA","NA","NA","NA","NA","NA","NA","NA","NA","NA","NA","NA","NA","NA","NA","NA","NA","NA","NA","NA","NA","NA","NA","NA","NA","NA","NA","NA","NA","NA","NA","NA","NA","NA","NA","NA","NA","NA","NA","NA","NA","NA","NA","NA","NA","NA","NA","NA","NA","NA","NA","NA","NA","NA","NA","NA","NA","NA","NA","NA","NA","NA","NA","NA","NA","NA","NA","NA","NA","NA","NA","NA","NA","NA"
"bt","codelet_jxc4wc0u",0.0103663,1,10513000,19382752,19230200,2485880,40085,1,2525960,0.0103663,0.0103283,1861.89,1.82919,966.3185,240.06,3.87101,"9.65603e-05",243.931,767611,624641,624642,624645,0.0730155,0.0594161,0.813747,636656,336818,3921.18,2074.47,5995.65,0.0623023,51,0.00491445,644787.5,633481,4043.57,3972.6,8016.17,0.0818099,622395.5,585337.5,0,622318.5,0,7483.12,0.07729495,0,0,0,483.991,2520630,2520420,1.00008,486.953,644777,0.0613315,725656,7706,0.0690247,0.000732998,0.0106194,14.4876,1158060,758332,0.110155,0.0721329,0.65483,11928,0.0011346,"exact_rhs_","409aa0","/NPB3.0-SER/BT/exact_rhs.f","331-333",34,"true",1,"true",8,"max",16,15,102,5,0,4,0,0,"PS-XMM,x86,PD-XMM","NA","NA",8,"NA",4,"NA","NA",2,"true",8,0,0,0,64,64,0.0625,"NA","NA","NA","NA",4,4,4,1,5,4,4,4,5,1,5,4,4,4,5,5,2,"NA","NA","NA","NA","NA","NA",100,100,100,100,"NA",100,100,100,100,100,"NA",100,5,1.6,3.2,12.8,12.8,25.6,"NA"
"bt","codelet_k2brr96z",8.7997,202,20338200000,16486176088,16334300000,9412350000,585688000,202,9998040000,8.7997,8.77338,1861.89,0.803135,4344.53,1069.12,66.5242,"2.29441e-05",1135.64,775526000,428173000,428173000,428174000,0.0381315,0.0210527,0.552107,963580000,90832400,7008.09,660.622,7668.72,67.4824,10302,0.0011706,982052000,130041000,7148.2,946.529,8094.73,71.1749,427414500,129986500,0,427344500,0,4044.16,35.6737,0,0,0,2204.29,7782260000,1037950000,7.49775,2204.76,982036000,0.0482853,67804100,3425760,0.00333383,0.000168439,0.0505243,299.955,1406500000,973290000,0.0691558,0.0478553,0.691992,15469200,0.000760596,"compute_rhs_","40f713","/NPB3.0-SER/BT/rhs.f","266-311",96,"true",1,"true",4,"high",392,459,2458,16,0,16,0,12,"PS-XMM,SD,x86,PD-XMM","NA",48,51,"NA",254,"NA",1.1627906977,1,"true",200,172,0,0,1656,160,0.204845815,154,154,98,98,98,128,154,104,104,152,20,20,104,104,104,152,20,20,104,152,2,"NA","NA","NA","NA","NA","NA",86.402266289,68.2119205298,100,100,100,100,86.402266289,68.2119205298,100,100,100,100,154,2.4155844156,2.5454545455,10.7532467532,1.038961039,11.7922077922,128
"sp","codelet_k2ftuhal",41.1978,401,"1.11279e+11",76275368676,76594800000,6949090000,31679500000,401,38628600000,41.1978,41.1376,1861.91,0.688311,1443.575,168.598,768.605,"9.72903e-06",937.204,2040280000,415215000,415215000,415216000,0.0183348,0.00373129,0.203509,486858000,258466000,756.124,401.416,1157.54,47.7007,20451,0.00049674,4801215000,2292760000,7452.4,3559.8,11012.2,453.928,415230000,279908500,0,414897000,0,1079.635,44.48885,0,0,0,1103.56,24176800000,21654300000,1.11649,1105.8,4802560000,0.0431577,2799250000,21552300,0.0251552,0.000193677,0.0076993,39.7532,3478980000,492904000,0.0312635,0.00442943,0.141681,593795000,0.00533608,"z_solve_","415dc0","/NPB3.0-SER/SP/z_solve.f","94-108",198,"true",1,"true",2,"max",70,73,74,7,0,8,0,0,"x86","NA","NA","NA","NA","NA","NA","NA",2,"true",8,8,2,0,96,80,0.2166666667,"NA","NA","NA","NA",7,7,7,9,9,8,7,7,5,9,9,8,7,7,5,8,35,"NA","NA","NA","NA","NA","NA","NA","NA","NA","NA","NA","NA",88.2352941176,50,70,"NA","NA","NA",8,1.5,3,8,8,8,"NA"
"sp","codelet_l044uhir",4.28362,401,8097800000,7917671436,7944440000,1772350000,4011,401,1772360000,4.28362,4.26683,1861.91,0.981061,1654.4,410.745,0.000929323,"9.30567e-05",410.746,292582000,260393000,260394000,260394000,0.036131,0.0321561,0.889985,259295000,79589900,3871.78,1188.43,5060.21,21.6886,20451,0.00474373,258687500,253983000,3851.78,3781.68,7633.46,32.8111,260489000,224120000,0,260456500,0,7285.115,31.01495,0,0,0,820.505,2009390000,2009220000,1.00008,832.91,258685000,0.031945,212874000,353273,0.0262879,"4.36258e-05",0.00165954,38.0403,495148000,290217000,0.061146,0.0358389,0.58612,4207710,0.000519612,"ninvr_","412bfb","/NPB3.0-SER/SP/ninvr.f","21-36",166,"true",1,"true",2,"max",40,52,187,11,0,10,0,0,"PS-XMM,SD,x86,PD-XMM","NA",5,3,"NA",21,"NA",1.6666666667,1,"true",10,6,0,0,80,80,0.1,13,13,10,15,10,9,15,5,10,10,10,10,17,5,10,10,10,10,17,17,2,0,"NA",0,"NA","NA","NA",82.7586206897,44.4444444444,100,100,100,100,80,44.4444444444,90,100,100,100,17,0.9411764706,2.3529411765,4.7058823529,4.7058823529,9.4117647059,17
"sp","codelet_lwazhy7r",7.00579,402,11754200000,13231007104,12965700000,0,4020,402,5226,7.00579,6.96378,1861.91,1.10306,0.0005753745,0,0.000573811,"5.73811e-05",0.000745954,315297000,543170000,543171000,543172000,0.0268241,0.0462106,1.72272,540060000,38228600,4950.75,350.442,5301.19,37.0105,20502,0.00291772,539353500,268898000,4942.42,2464.1,7406.52,51.7277,542620500,278143000,0,543159500,0,7495.61,52.5289,0,0,0,0.000573444,2133390000,2133290000,1.00005,0.000573811,539359000,0.0458863,1284370000,3198760,0.109269,0.000272137,0.00249052,9.15174,875378000,576273000,0.0744733,0.0490268,0.658314,9659280,0.00082177,"compute_rhs_","40a88e","/NPB3.0-SER/SP/rhs.f","52-54",142,"true",1,"true",2,"max",10,10,45,6,0,1,0,0,"SD,x86,PD-XMM","NA",1,"NA","NA",1,"NA","NA",2,"true",0,0,0,0,16,16,0,"NA","NA","NA","NA",3,1,3,2,2,2,2,2,2,2,2,2,2,2,2,2,2,0,"NA",0,"NA","NA","NA",50,0,100,"NA","NA","NA",33.3333333333,0,50,"NA","NA","NA",3,0,3.3333333333,5.3333333333,5.3333333333,10.6666666667,2
"is","codelet_lwgg2vdo",3.32669,11,1476420000,6207308852,6186570000,0,110,11,143,3.32669,3.3227,1861.9,4.19026,"3.30792e-05",0,"3.30779e-05","3.30779e-06","4.30012e-05",718376000,26882400,26882400,26882400,0.486568,0.0182079,0.0374211,362641000,334255000,6949.28,6405.33,13354.6,44.6014,561,0.000168578,456354000,367017000,8720.75,7013.51,15734.3,52.6959,26290550,3281215,0,26264100,0,569.133,1.89259,0,0,0,"3.30779e-05",738203000,369103000,2,"3.3077e-05",456352000,0.309095,184555000,48,0.125002,"3.25112e-08","2.60086e-07",7.99988,456217000,378058000,0.309003,0.256065,0.828679,202357000,0.13706,"NA","NA","/NPB3.0-SER/IS/is.c","475-476","NA","NA","NA","NA","NA","NA","NA","NA","NA","NA","NA","NA","NA","NA","NA","NA","NA","NA","NA","NA","NA","NA","NA","NA","NA","NA","NA","NA","NA","NA","NA","NA","NA","NA","NA","NA","NA","NA","NA","NA","NA","NA","NA","NA","NA","NA","NA","NA","NA","NA","NA","NA","NA","NA","NA","NA","NA","NA","NA","NA","NA","NA","NA","NA","NA","NA","NA","NA","NA","NA","NA","NA","NA","NA","NA","NA","NA"
"sp","codelet_n3f9ckan",7.02878,401,15043300000,13016337356,"1.303e+10",6014260000,"1.11e+08",402,6125280000,7.02878,6.99812,1861.91,0.866161,3427.25,853.226,15.7495,"5.68887e-05",868.976,297902000,574864000,574864000,574865000,0.0198029,0.0382139,1.92971,570953000,65043400,5216.43,594.26,5810.69,40.7038,20451,0.00289881,572942500,254186000,5247.33,2327.96,7575.29,52.9365,574901500,299121000,0,574845500,0,7929.965,55.93745,0,0,0,1722.2,3286540000,2065400000,1.59124,1717.66,572939000,0.0380859,222915000,10398700,0.0148182,0.00069125,0.0466488,67.4847,1125980000,622034000,0.0748493,0.0413495,0.552437,9348390,0.000621431,"txinvr_","416f4b","/NPB3.0-SER/SP/txinvr.f","23-48",212,"true",1,"true",2,"max",73,87,424,16,0,14,0,1,"PS-XMM,x86,SD","NA",5,9,"NA","NA","NA",0.7333333333,1,"true",22,30,2,0,96,80,0.2109375,27,27,19,25,18,18,27,18,18,16,5,5,25,22,18,16,5,5,25,25,2,"NA","NA","NA","NA","NA","NA",91.935483871,68.75,100,100,100,90,91.935483871,68.75,100,100,100,90,27,2,2.7037037037,6.5185185185,2.962962963,9.4814814815,25
"bt","codelet_n94ixut8",9.50682,202,34538900000,17626527052,17662800000,13855700000,580272000,202,"1.4436e+10",9.50682,9.48656,1861.89,0.51139,5894.215,1457.64,61.0466,"2.12695e-05",1518.69,768909000,428845000,428844000,428845000,0.0222621,0.0124163,0.557731,687550000,20764100,4629.1,139.799,4768.9,45.3321,10302,0.00108198,867996000,257092000,5843.66,1730.14,7573.8,72.0279,428251500,128664000,0,428175500,0,3752.495,35.6426,0,0,0,2974.19,13792800000,2057760000,6.7028,2978.96,867647000,0.0251209,679683000,5400300,0.0196788,0.000156354,0.00794532,50.8162,1743630000,710989000,0.0504831,0.0205852,0.407764,7023830,0.00020336,"compute_rhs_","40eb7c","/NPB3.0-SER/BT/rhs.f","244-251",118,"true",1,"true",4,"high",395,462,2435,4,0,9,0,12,"SD,x86,PD-XMM","NA",6,"NA","NA",254,"NA",1.25,2,"true",8,8,0,0,96,160,0.204845815,"NA","NA","NA","NA",99,6,5,5,6,8,20,20,9,5,6,8,20,20,9,8,2,"NA","NA","NA","NA","NA","NA",86.402266289,68.2119205298,100,100,100,"NA",86.402266289,68.2119205298,100,100,100,"NA",8,2.431372549,2.5816993464,8,2,9.3333333333,9
"sp","codelet_n9k4kgux",4.25967,401,8097800000,7871369760,7900280000,1809110000,4011,402,1809110000,4.25967,4.24311,1861.91,0.975608,1697.975,421.444,0.000934391,"9.45978e-05",421.445,292282000,260361000,260362000,260362000,0.036094,0.0321521,0.890788,259327000,79678400,3889.4,1195.02,5084.43,21.6964,20451,0.00476633,258756000,253999000,3872.38,3801.18,7673.56,32.8164,260466500,223459500,0,260434000,0,7314.44,30.97125,0,0,0,840.912,2009390000,2009220000,1.00008,855.083,258755000,0.0319537,212874000,394294,0.0262879,"4.86915e-05",0.00185224,38.0403,494213000,290155000,0.0610306,0.0358314,0.587106,4201540,0.000518849,"pinvr_","4145bb","/NPB3.0-SER/SP/pinvr.f","21-36",183,"true",1,"true",2,"max",40,52,190,11,0,10,0,0,"PD-XMM,SD,x86,PS-XMM","NA",5,3,"NA",21,"NA",1.6666666667,1,"true",10,6,0,0,80,80,0.1,13,13,10,14,10,11,14,5,10,10,10,10,17,5,10,10,10,10,17,17,2,0,"NA",0,"NA","NA","NA",82.7586206897,44.4444444444,100,100,100,100,80,44.4444444444,90,100,100,100,17,0.9411764706,2.3529411765,4.7058823529,4.7058823529,9.4117647059,17
"bt","codelet_npabl6hq",2.00945,202,2123600000,3740834128,3725200000,504202000,8164470,202,512367000,2.00945,2.00095,1861.89,1.75419,1010.925,251.154,4.06683,0.000100619,255.221,150600000,131774000,131775000,131775000,0.0709174,0.0620522,0.874993,126194000,73506500,4014.19,2338.21,6352.41,12.7808,10302,0.00511671,130194500,127913000,4146.64,4073.98,8220.62,16.5189,131762000,107991000,0,131747000,0,7664.08,15.34415,0,0,0,506.374,509147000,509104000,1.00009,508.819,130194000,0.061308,146582000,1505920,0.0690253,0.000709132,0.0102735,14.4874,225752000,152167000,0.106306,0.0716552,0.674047,2503120,0.00117871,"compute_rhs_","4110f0","/NPB3.0-SER/BT/rhs.f","371-373",69,"true",1,"true",8,"max",16,15,101,5,0,5,0,0,"PS-XMM,x86,PD-XMM","NA","NA",8,"NA",4,"NA","NA",2,"true",0,8,0,0,64,64,0.0625,"NA","NA","NA","NA",4,4,4,4,1.6666666667,4,4,4,1.3333333333,4,1.6666666667,4,4,4,1.3333333333,4,2,"NA","NA","NA","NA","NA","NA",100,100,100,"NA",100,"NA",100,100,100,"NA",100,"NA",4,2,4,16,16,32,"NA"
"sp","codelet_nrpad2bf",15.8859,402,40548600000,29454233596,29469100000,18656300000,1166670000,403,19822900000,15.8859,15.8276,1861.91,0.726759,4768.065,1173.06,73.3559,"2.53278e-05",1246.41,1448800000,847182000,847183000,847184000,0.0357299,0.020893,0.584748,1916230000,136228000,7721.04,548.9,8269.94,131.357,20502,0.00128991,1948595000,256597000,7859.61,1034.82,8894.43,141.151,847311500,258360500,0,847184000,0,4456.57,70.76305,0,0,0,2418.34,15477900000,2068060000,7.48427,2422,1948300000,0.0480487,131028000,6542030,0.00323138,0.000161338,0.0499285,309.465,2792830000,1941430000,0.0688761,0.047879,0.695147,28011800,0.000690821,"compute_rhs_","40d8d7","/NPB3.0-SER/SP/rhs.f","275-320",102,"true",1,"true",4,"high",403,470,2454,16,0,16,0,12,"PS-XMM,SD,x86,PD-XMM","NA",48,51,"NA",254,"NA",1.1627906977,1,"true",200,172,0,0,1656,160,0.204845815,154,154,101,101,101,133,154,107.6666666667,107.6666666667,152,20,20,107.6666666667,107.6666666667,107.6666666667,152,20,20,107.6666666667,152,2,"NA","NA","NA","NA","NA","NA",86.402266289,68.2119205298,100,100,100,100,86.402266289,68.2119205298,100,100,100,100,154,2.4155844156,2.6168831169,10.7532467532,1.038961039,11.7922077922,128
"lu","codelet_nzbfxce7",15.7006,251,59922400000,29173631524,29183700000,17150300000,1754460000,251,18904500000,15.7006,15.6741,1861.89,0.487024,4480.02,1091.84,111.694,"1.59867e-05",1203.53,300255000,393651000,393651000,393651000,0.00501074,0.00656934,1.31105,392762000,21903100,1601.01,89.2831,1690.29,26.5386,12801,0.000815412,396859500,160393000,1622.19,653.751,2275.94,35.7367,394177500,160855500,0,394053500,0,2263.01,35.52215,0,0,0,2294.78,21476300000,5654960000,3.79778,2296.38,395726000,0.00660397,1974920000,14637300,0.0329579,0.00024427,0.00741159,30.3417,782485000,410718000,0.0130583,0.00685416,0.524889,6301590,0.000105162,"rhs_","40fbfe","/NPB3.0-SER/LU/rhs.f","77-100",126,"true",1,"true",8,"max",46,59,98,9,0,7,0,0,"SD,x86,PD-XMM","NA","NA","NA","NA",85,"NA",2,2,"true",96,40,0,0,96,80,0.2352941176,"NA","NA","NA","NA",65,82,53,80,61,84,32,32,81,80,61,84,32,32,81,84,2,"NA","NA","NA","NA","NA","NA",86.8852459016,61.9047619048,100,100,100,"NA",86.8852459016,61.9047619048,90,100,100,"NA",60,2.3925233645,3.1666666667,8,5.3333333333,9.4285714286,"NA"
"sp","codelet_o8g6pwm1",8.00867,401,15051300000,14873763808,14850200000,5532630000,109479000,401,5642110000,8.00867,7.97581,1861.91,0.986634,2774.06,690.2,13.6589,"5.00259e-05",703.859,318815000,778332000,778332000,778333000,0.0211818,0.0517118,2.44133,775575000,63631200,6185.74,507.502,6693.24,53.7092,20451,0.00254995,777306500,254247000,6221.78,2035.03,8256.81,66.0202,778099000,275682000,0,778036000,0,8425.645,67.442,0,0,0,1394.06,3489040000,2067450000,1.68761,1395.47,777295000,0.0516429,222900000,9231980,0.0148093,0.000613366,0.0414175,67.525,1515020000,850713000,0.100657,0.0565208,0.561519,12803000,0.000850623,"tzetar_","41628d","/NPB3.0-SER/SP/tzetar.f","24-53",202,"true",1,"true",2,"max",73,88,431,12,0,15,0,0,"x86,PS-XMM,PD-XMM,SD","NA",6,14,"NA",43,"NA",0.625,1,"true",20,32,2,0,176,80,0.2109375,28,28,19,23,18,21,28,17.6666666667,17.3333333333,17,10,10,26,22,17.3333333333,17,10,10,26,26,2,"NA","NA","NA","NA","NA","NA",90.4761904762,64.7058823529,100,100,100,100,90.4761904762,64.7058823529,100,100,100,100,28,1.9285714286,2.6071428571,6.2857142857,2.8571428571,9.1428571429,26
"sp","codelet_ocwkgsmf",0.0101152,1,10513000,18820096,18774300,2485940,40083,1,2526010,0.0101152,0.0100833,1861.91,1.78581,985.1185,245.574,3.95823,"9.87852e-05",249.532,742306,618151,618152,618153,0.0706085,0.0587988,0.832744,637005,331355,4039.61,2101.31,6140.92,0.061975,51,0.00507242,644774,633551,4079.55,4008.56,8088.12,0.0818126,617315.5,590003.5,0,617238.5,0,7658.935,0.0772684,0,0,0,496.123,2520630,2520420,1.00008,495.106,644777,0.0613315,725655,7614,0.0690246,0.000724247,0.0104926,14.4876,1153930,747382,0.109763,0.0710913,0.647682,12117,0.00115257,"exact_rhs_",409850,"/NPB3.0-SER/SP/exact_rhs.f","330-332",34,"true",1,"true",8,"max",16,15,102,5,0,4,0,0,"PS-XMM,x86,PD-XMM","NA","NA",8,"NA",4,"NA","NA",2,"true",8,0,0,0,64,64,0.0625,"NA","NA","NA","NA",4,4,4,1,5,4,4,4,5,1,5,4,4,4,5,5,2,"NA","NA","NA","NA","NA","NA",100,100,100,100,"NA",100,100,100,100,100,"NA",100,5,1.6,3.2,12.8,12.8,25.6,"NA"
"bt","codelet_oo8c273h",0.0316799,2,38615700,59140496,35054000,0,20,2,26,0.0316799,0.0188269,1861.95,0.907759,0.0006631415,0,0.000631118,"6.31118e-05",0.000820453,1586740,1365810,1365820,1365820,0.0410904,0.0353694,0.86077,671511,167414,1355.61,337.967,1693.58,0.0536912,102,0.00321995,672660.5,670523,1359.11,1354.59,2713.7,0.08597,726036,1135485,0,1365825,0,3763.635,0.1191375,0,0,0,0.000630722,11891,10623300,0.00111933,0.000695165,672563,0.0174168,6462440,12642,0.167353,0.00032738,0.00195623,5.97541,721320,718785,0.0186795,0.0186138,0.996486,43299,0.00112128,"initialize_","4040af","/NPB3.0-SER/BT/initialize.f","28-30",29,"true",1,"true",2,"max",6,7,31,2,0,1,0,0,"x86,PD-XMM","NA","NA","NA","NA",2,"NA","NA",2,"true",0,0,0,0,0,16,0,"NA","NA","NA","NA",2,1,2,1,1,0,2,2,3,1,1,0,2,2,3,3,2,"NA","NA","NA","NA","NA","NA",100,"NA",100,"NA","NA","NA",100,"NA",100,"NA","NA","NA",3,0,2,0,5.3333333333,5.3333333333,"NA"
"lu","codelet_p6nf3vla",0.0751976,1,283245000,139745332,139796000,75164100,4833860,1,80001600,0.0751976,0.0750829,1861.89,0.493551,4062.425,999.442,64.2854,"1.32972e-05",1063.83,1332290,1302500,1302500,1302500,0.00470366,0.0045985,0.977642,1299260,62069,1105.63,52.8187,1158.45,0.087125,51,0.000678213,1296565,634170,1103.07,539.784,1642.86,0.123528,1304640,731036.5,0,1304160,0,1732.715,0.1302835,0,0,0,2061.19,88171900,22321000,3.95018,2063.49,1297180,0.0045797,8140680,18393,0.0287407,"6.49367e-05",0.00225939,34.7938,2551820,1323160,0.00900921,0.00467144,0.518518,21067,"7.43773e-05","erhs_","4070f3","/NPB3.0-SER/LU/erhs.f","96-120",55,"true",1,"true",4,"max",93,83,98,8,0,8,0,1,"SD,x86,PD-XMM","NA","NA","NA","NA",85,"NA",2,2,"true",8,40,4,0,96,80,0.265625,"NA","NA","NA","NA",5,5,57,34,6,61,8,8,41,44,6,61,8,8,41,61,2,"NA","NA","NA","NA","NA","NA",85.2941176471,54.5454545455,100,100,100,"NA",85.2941176471,54.5454545455,90,100,100,"NA",61,2,3.1666666667,8,5.3333333333,9.4285714286,"NA"
"sp","codelet_p8woixip",31.2526,401,"1.00733e+11",58265884224,58095500000,6606580000,"3.2334e+10",401,38940200000,31.2526,31.2022,1861.91,0.576729,1880.43,211.412,1034.6,"1.2831e-05",1246.05,1587800000,424568000,424568000,424568000,0.0157625,0.00421479,0.267393,434409000,258696000,889.692,529.822,1419.51,44.3587,20451,0.000654141,3451025000,1588310000,7063.52,3252.28,10315.8,322.426,424844000,290292500,0,424595500,0,1464.675,45.76875,0,0,0,1457.39,20146600000,"1.7524e+10",1.14966,1457.5,3452450000,0.0342733,1969180000,12908800,0.0195485,0.000128149,0.00655542,51.1547,2983830000,438503000,0.0296213,0.00435313,0.14696,7679550,"7.62368e-05","y_solve_","4142c9","/NPB3.0-SER/SP/y_solve.f","93-107",179,"true",1,"true",2,"max",72,74,404,9,0,8,0,0,"SD,x86,PS-XMM","NA","NA","NA","NA","NA","NA","NA",2,"true",8,8,2,0,96,80,0.2166666667,"NA","NA","NA","NA",7,7,7,9,9,8,7,7,5,9,9,8,7,7,5,8,35,"NA","NA","NA","NA","NA","NA",88.2352941176,50,100,100,"NA","NA",88.2352941176,50,70,100,"NA","NA",8,1.5,2.875,5.76,6.4,8,"NA"
"lu","codelet_pixsirbt",52.0505,25000,"1.20222e+11",96777651776,"9.6704e+10",51989300000,1441580000,25012,"5.3431e+10",52.0505,51.938,1861.88,0.804376,4018.45,998.369,27.6853,0.000480539,1026.06,8155510000,366913000,366917000,366927000,0.0678374,0.00305197,0.0449895,3695380000,394298000,4557.27,486.262,5043.53,261.739,1275000,0.0244385,4482910000,3609370000,5528.03,4453.1,9981.13,517.76,363258500,179257500,0,363400500,0,667.1545,34.72105,0,0,0,2024.42,17826500000,26158600000,0.681476,2020.74,4485190000,0.0373077,291388000,15163200,0.00242376,0.000126127,0.0520378,412.582,5413390000,4041130000,0.0450285,0.0336141,0.746507,63738000,0.000530172,"jacld_","4183f7","/NPB3.0-SER/LU/jacld.f","40-123",145,"true",1,"true",2,"high",90,115,549,8,0,16,0,7,"PD-XMM,SD,x86,PS-XMM","NA",4,15,"NA",65,"NA",0.3928571429,1,"true",22,56,0,0,192,176,0.2119565217,35,35,23,29,23,26,35,28,15,16,22,22,38,28,15,16,22,22,38,38,2,"NA","NA","NA","NA","NA","NA",95.2380952381,75,100,100,100,100,95.2380952381,75,100,100,100,100,38,2.0526315789,2.3684210526,5.0526315789,4.6315789474,9.6842105263,38
"cg","codelet_psux6bds",0.280354,1,192113000,522925380,424196000,0,10,1,13,0.280354,0.227835,1861.9,2.20804,"3.563505e-05",0,"3.56464e-05","3.56464e-06","4.63403e-05",12661400,10806200,10806200,10806200,0.0659059,0.0562495,0.853482,11079700,5262760,2529.77,1201.62,3731.39,1.04592,51,0.000181913,11666150,6097890,2663.07,1391.83,4054.9,1.13698,8174335,7059995,0,10810100,0,3478.745,0.974997,0,0,0,"3.56464e-05",59141500,44366900,1.33301,"3.56592e-05",11664900,0.0607189,14818200,9,0.0771327,"4.68475e-08","6.07362e-07",12.9647,7803770,11113700,0.0406207,0.0578496,1.42414,2712440,0.014119,"sparse_","40743c","/NPB3.0-SER/CG/cg.f","818-823",117,"true",1,"true","1 or NA","max",13,12,50,13,0,0,0,0,"x86","NA","NA","NA","NA","NA","NA","NA",2,"true",0,0,0,0,20,16,0,"NA","NA","NA","NA",3,4,4,1.6666666667,1.6666666667,4,3,3,1.6666666667,1.6666666667,1.6666666667,4,3,3,1.6666666667,4,2,0,0,0,"NA","NA",0,"NA","NA","NA","NA","NA","NA",0,0,0,"NA","NA",0,4,0,3.25,5,4,9,2
"is","codelet_qbx4gern",0.0214848,1,62916400,39904528,39868700,0,10,1,13,0.0214848,0.0214129,1861.9,0.633679,0.0004667605,0,0.000466083,"4.66083e-05",0.000605908,319983,2107660,2107660,2107660,0.00508585,0.0334995,6.5868,2105260,1092,6270.67,3.2526,6273.92,0.134806,51,0.0023724,2101410,552,6267.01,1.64623,6268.66,0.134525,2109455,181919.5,0,2109285,0,6844.54,0.146648,0,0,0,0.000463308,16777700,281,59707.1,0.000466083,2101410,0.0334001,4194710,4,0.0666712,"6.35765e-08","9.53582e-07",14.999,3996650,2162660,0.0635232,0.0343736,0.541118,32858,0.000522249,"NA","NA","/NPB3.0-SER/IS/is.c","387-389","NA","NA","NA","NA","NA","NA","NA","NA","NA","NA","NA","NA","NA","NA","NA","NA","NA","NA","NA","NA","NA","NA","NA","NA","NA","NA","NA","NA","NA","NA","NA","NA","NA","NA","NA","NA","NA","NA","NA","NA","NA","NA","NA","NA","NA","NA","NA","NA","NA","NA","NA","NA","NA","NA","NA","NA","NA","NA","NA","NA","NA","NA","NA","NA","NA","NA","NA","NA","NA","NA","NA","NA","NA","NA","NA","NA","NA"
"bt","codelet_rbjjtmtw",2.8651,201,2111090000,5352715476,5320110000,510992000,8056420,201,519049000,2.8651,2.8571,1861.89,2.52008,716.018,178.55,2.81538,"7.02382e-05",181.366,159265000,258897000,258897000,258897000,0.075442,0.122637,1.62558,251248000,69080400,5590.19,1537.02,7127.21,20.501,10251,0.00359465,259075000,127352000,5776.42,2839.47,8615.89,24.7313,258901500,124618000,0,258879500,0,8534.915,24.54525,0,0,0,360.199,1013150000,506585000,1.99996,358.914,259074000,0.122721,145857000,1577890,0.0690911,0.000747429,0.010818,14.4736,447533000,306617000,0.211992,0.145241,0.685128,4998280,0.00236763,"add_","429a20","/NPB3.0-SER/BT/add.f","20-22",171,"true",1,"true",8,"max",16,15,118,5,0,4,0,0,"PS-XMM,x86,PD-XMM","NA","NA",8,"NA",4,"NA","NA",2,"true",8,0,0,0,128,64,0.0416666667,"NA","NA","NA","NA",4,4,4,1,5,8,4,4,1,1,5,8,4,4,1,8,2,"NA","NA","NA","NA","NA","NA",100,100,100,100,"NA","NA",100,100,100,100,"NA","NA",8,1,2,16,8,24,"NA"
"bt","codelet_salgyh4a",3.87656,202,8020630000,7242279688,7190070000,4452840000,70368800,202,4523180000,3.87656,3.86205,1861.89,0.896445,4612.275,1148.7,18.156,"5.21081e-05",1166.86,736724000,253061000,253062000,253062000,0.0918536,0.0315513,0.343496,735573000,34293900,12139.6,565.974,12705.6,49.2715,10302,0.00266066,749731500,122946000,12388.5,2031.55,14420.1,55.8516,253051500,116697000,0,253021500,0,6080.33,23.6639,0,0,0,2318.72,2932180000,488743000,5.99943,2315.56,749728000,0.093475,140239000,2608950,0.0174848,0.00032528,0.0186036,57.1926,1456200000,856969000,0.181556,0.106846,0.588499,9673840,0.00120612,"compute_rhs_","410ac5","/NPB3.0-SER/BT/rhs.f","339-343",81,"true",1,"true",8,"high",64,63,409,5,0,13,0,0,"PS-XMM,x86,PD-XMM","NA","NA",24,"NA",36,"NA",1.25,1,"true",40,32,0,0,384,64,0.1607142857,26,26,16,16,16,20,26,16,21,24,4,4,2,16,21,24,4,4,2,24,2,"NA","NA","NA","NA","NA","NA",100,100,100,100,100,"NA",100,100,100,100,100,"NA",26,2.7692307692,2.4615384615,14.7692307692,2.4615384615,17.2307692308,"NA"
"lu","codelet_syvfdqbb",0.100312,1,259135000,186452060,186540000,81311600,4858640,1,86173800,0.100312,0.100189,1861.89,0.719857,3289.505,810.041,48.3998,"9.96159e-06",858.441,5792110,1292020,1292020,1292020,0.0223517,0.00498589,0.223066,1933310,632913,1231.93,403.301,1635.23,0.164238,51,0.000509667,11871550,3434420,7552.33,2191.2,9743.53,0.97739,1293735,631190.5,0,1292925,0,1227.84,0.1231955,0,0,0,1662.02,89731800,22421100,4.00212,1669.44,11905800,0.0459441,8140680,18298,0.0314148,"7.06118e-05",0.00224772,31.8321,11234000,1933830,0.0433518,0.00746263,0.172141,35909,0.000138572,"erhs_","40bf22","/NPB3.0-SER/LU/erhs.f","408-415",27,"true",1,"true",4,"max",75,92,908,9,0,9,0,1,"SD,x86,PD-XMM","NA","NA","NA","NA",85,"NA",2,2,"true",8,40,4,0,96,80,0.2575757576,"NA","NA","NA","NA",5,5,64,34,9,61,8,8,41,44,9,61,8,8,41,61,2,"NA","NA","NA","NA","NA","NA",85.0746268657,54.5454545455,100,100,100,"NA",85.0746268657,54.5454545455,90,100,100,"NA",64,2,3.3333333333,7.8620689655,5.3333333333,9.2413793103,"NA"
"sp","codelet_tw2jfd61",24.1255,401,97929900000,44895242784,44830700000,6224770000,32664200000,401,"3.8889e+10",24.1255,24.0777,1861.91,0.457784,2386.24,258.03,1354.02,"1.66244e-05",1612.05,442558000,418530000,418530000,418531000,0.00451914,0.00427377,0.945706,423647000,25465600,1124.14,67.5722,1191.71,28.7432,20451,0.000847585,436984500,267586000,1156.42,709.984,1866.41,45.0196,418794000,243949500,0,418602000,0,1758.09,42.4156,0,0,0,1870.08,18847400000,17441800000,1.08059,1870.03,438124000,0.00447385,1975190000,24937600,0.0201695,0.000254648,0.0126254,49.5799,837213000,429607000,0.00854911,0.00438688,0.513139,6721630,"6.86372e-05","x_solve_",412910,"/NPB3.0-SER/SP/x_solve.f","91-105",162,"true",1,"true",2,"max",71,70,94,8,0,8,0,0,"SD,x86,PS-XMM","NA","NA","NA","NA","NA","NA","NA",2,"true",8,8,2,0,96,80,0.2166666667,"NA","NA","NA","NA",7,6,6,9,9,8,7,7,3.3333333333,9,9,8,7,7,3.3333333333,7,35,"NA","NA","NA","NA","NA","NA",85.2941176471,54.5454545455,100,100,"NA","NA",97.9166666667,50,70,88.8888888889,"NA","NA",7,1.7142857143,2.8333333333,6,6.6666666667,9.1428571429,"NA"
"sp","codelet_un3n5c0a",0.0103031,1,45613400,19124056,19100000,4005990,2000830,1,6006820,0.0103031,0.0102583,1861.9,0.418736,1746.64,388.359,193.965,"9.69369e-05",582.324,196490,650189,650190,650193,0.00430772,0.0142543,3.30902,648093,684,4025.76,4.24881,4030.01,0.0415217,51,0.0049566,644995,448,4012.31,2.78687,4015.1,0.0413084,650247,191722,0,650171,0,5217.615,0.05388605,0,0,0,976.558,6010840,3010620,1.99654,969.84,644995,0.0141405,6520660,10278,0.142955,0.000225328,0.00157622,6.99522,1258860,649117,0.0275984,0.0142308,0.51564,10274,0.000225241,"rhs_norm_","4172d7","/NPB3.0-SER/SP/error.f","68-70",221,"true",1,"true",4,"max",12,11,59,6,0,2,0,0,"PS-XMM,x86,PD-XMM","NA","NA",4,"NA",4,"NA",1,2,"true",4,4,0,0,64,32,0.0833333333,"NA","NA","NA","NA",3,3,3,2,3,4,2,2,2,2,3,4,2,2,2,4,2,"NA","NA","NA","NA","NA","NA",100,100,100,100,100,"NA",100,100,100,100,100,"NA",4,2,3,16,8,24,"NA"
"is","codelet_v392t8ky",0.073816,1,34534,137257728,67067200,0,10,1,13,0.073816,0.036034,1862.57,1942.86,0.0001353945,0,0.000135344,"1.35344e-05",0.000175947,2744840,4271480,4271480,4271480,79.4822,123.689,1.55619,2099410,64538,1818.68,55.9082,1874.59,0.138492,51,0.000691201,2108775,311522,1829.86,270.13,2099.99,0.154993,2434475,2169140,0,4273210,0,3990.295,0.2946315,0,0,0,0.000135344,33239,33052,1.00566,0.000135513,2107300,61.0247,33176,3,0.960704,"8.68734e-05","9.04268e-05",1.0409,3981820,2143950,115.315,62.0894,0.538434,396794,11.49,"NA","NA","/NPB3.0-SER/IS/is.c","375-376","NA","NA","NA","NA","NA","NA","NA","NA","NA","NA","NA","NA","NA","NA","NA","NA","NA","NA","NA","NA","NA","NA","NA","NA","NA","NA","NA","NA","NA","NA","NA","NA","NA","NA","NA","NA","NA","NA","NA","NA","NA","NA","NA","NA","NA","NA","NA","NA","NA","NA","NA","NA","NA","NA","NA","NA","NA","NA","NA","NA","NA","NA","NA","NA","NA","NA","NA","NA","NA","NA","NA","NA","NA","NA","NA","NA","NA"
"lu","codelet_vdku9m9a",26.396,251,61247900000,49092703752,49084200000,20102600000,1222550000,251,21325100000,26.396,26.3626,1861.89,0.801401,3092.88,761.472,46.3254,"9.51489e-06",807.798,1871420000,392039000,392039000,392040000,0.0305549,0.00640086,0.209487,601233000,158981000,1457.18,385.315,1842.5,48.6537,12801,0.000485886,4951250000,1145660000,12007.7,2777.78,14785.4,390.277,392560500,158526500,0,392388500,0,1336.525,35.2696,0,0,0,1569.27,21885200000,5605130000,3.90449,1570.44,4950090000,0.0808205,2043330000,5608760,0.0333616,"9.15747e-05",0.00274491,29.9746,4799370000,602873000,0.0783597,0.00984315,0.125615,464460000,0.00758328,"rhs_",414277,"/NPB3.0-SER/LU/rhs.f","391-398",97,"true",1,"true",4,"max",75,92,912,9,0,7,0,1,"SD,x86,PD-XMM","NA","NA","NA","NA",85,"NA",2,2,"true",8,40,0,0,96,80,0.2857142857,"NA","NA","NA","NA",5,5,58,24,6,60,8,8,41,24,6,60,8,8,41,60,2,"NA","NA","NA","NA","NA","NA",84.126984127,50,100,100,100,"NA",84.126984127,50,90,100,100,"NA",60,2.2068965517,3.3333333333,8,5.3333333333,9.4035087719,"NA"
"bt","codelet_vp8kou9q",3.47157,202,5906370000,6371042676,6414240000,0,2022,203,2628,3.47157,3.44506,1861.89,1.08599,0.0005802665,0,0.000582445,"5.8763e-05",0.000756429,170562000,273898000,273898000,273899000,0.0288776,0.0463733,1.60586,271049000,19802600,4942.7,361.11,5303.81,18.6145,10302,0.00296,270673500,134931000,5004.66,2494.77,7499.43,25.959,273299000,137494500,0,273865000,0,7582.435,26.29075,0,0,0,0.000587728,1072010000,1071960000,1.00004,0.000578088,270668000,0.0458265,645387000,1163360,0.10927,0.000196966,0.00180257,9.15168,437739000,287380000,0.0741131,0.0486559,0.656509,4942130,0.000836745,"compute_rhs_","40a97a","/NPB3.0-SER/BT/rhs.f","46-48",133,"true",1,"true",2,"max",10,10,45,6,0,1,0,0,"SD,x86,PD-XMM","NA",1,"NA","NA",1,"NA","NA",2,"true",0,0,0,0,16,16,0,"NA","NA","NA","NA",3,1,3,2,2,2,2,2,2,2,2,2,2,2,2,2,2,0,"NA",0,"NA","NA","NA",50,0,100,"NA","NA","NA",33.3333333333,0,50,"NA","NA","NA",3,0,3.3333333333,5.3333333333,5.3333333333,10.6666666667,2
"bt","codelet_y3z9unfb",3.68393,202,4334320000,6864880480,6803190000,1421590000,19735700,202,1441310000,3.68393,3.6539,1861.89,1.56961,1548.615,385.288,5.3452,"5.48794e-05",390.633,195483000,302072000,302072000,302072000,0.0451011,0.069693,1.54526,298488000,40451800,5189.43,703.284,5892.71,21.6921,10302,0.00279896,300296000,162340000,5209.41,2816.13,8025.55,29.6092,301349000,160094500,0,302031000,0,8019.225,29.53235,0,0,0,775.108,1728780000,667420000,2.59024,778.048,300288000,0.0692814,120989000,5446720,0.0279141,0.00125665,0.0450184,35.8242,456455000,354814000,0.105312,0.0818614,0.777325,6127140,0.00141363,"compute_rhs_","40a68f","/NPB3.0-SER/BT/rhs.f","23-33",138,"true",1,"true",2,"high",39,45,245,11,0,9,0,0,"PS-XMM,SD,x86,PD-XMM","NA",7,8,"NA",19,"NA",0.2222222222,1,"true",4,18,2,0,144,96,0.1,17,17,10,10,10,11,17,10,5,16,6,6,8,22,5,16,6,6,8,22,2,"NA","NA","NA","NA","NA","NA",79.4117647059,56.25,100,100,100,100,79.4117647059,56.25,100,100,100,100,22,1.0909090909,1.7727272727,6.5454545455,4.3636363636,10.9090909091,22
"lu","codelet_yl02rn5o",6.28013,251,11509500000,11616542080,11636300000,2117020000,2511,251,2117020000,6.28013,6.24973,1861.88,1.01101,1352.76,337.488,0.000400263,"4.00263e-05",337.488,295238000,578416000,578416000,578417000,0.0256516,0.0502554,1.95915,571649000,52403100,5841.97,535.533,6377.5,39.9394,12801,0.00203866,573832500,235451000,5847.14,2399.17,8246.31,51.7939,578274000,240399000,0,578559500,0,8334.92,52.39505,0,0,0,661.695,2402780000,1603540000,1.49843,674.976,573836000,0.0498575,807146000,577615,0.0701285,"5.01858e-05",0.000715626,14.2595,940238000,655721000,0.0816921,0.056972,0.6974,10801600,0.000938489,"rhs_","40d929","/NPB3.0-SER/LU/rhs.f","36-38",132,"true",1,"true",2,"max",12,14,49,6,0,2,0,0,"PD-XMM,PS-XMM,x86,SD","NA",1,1,"NA",4,"NA","NA",2,"true",2,0,0,0,16,16,0.0625,"NA","NA","NA","NA",3,2,3,2,3,2,2,2,5,2,3,2,2,2,5,5,2,"NA","NA","NA","NA","NA","NA",83.3333333333,50,100,100,"NA",100,83.3333333333,50,100,100,"NA",100,5,0.4,2.4,3.2,3.2,6.4,5
"is","codelet_zds65i92",2.69775,1,285215000,5073152540,5016420000,0,10,1,13,2.69775,2.69428,1861.9,17.5882,"3.701955e-06",0,"3.70662e-06","3.70662e-07","4.8186e-06",149113000,39972200,39972200,39972200,0.522809,0.140148,0.268067,95299000,66171600,2268.42,1575.09,3843.51,10.3341,51,"1.89014e-05",114575500,67013000,2727.24,1595.11,4322.35,11.6217,39843250,37373850,0,39821500,0,1829.515,4.941895,0,0,0,"3.7068e-06",100664000,67109800,1.5,"3.69729e-06",114575000,0.401715,16778300,5,0.0588268,"1.75306e-08","2.98004e-07",16.9991,81016000,94724800,0.284052,0.332117,1.16921,112482000,0.394378,"NA","NA","/NPB3.0-SER/IS/is.c","380-381","NA","NA","NA","NA","NA","NA","NA","NA","NA","NA","NA","NA","NA","NA","NA","NA","NA","NA","NA","NA","NA","NA","NA","NA","NA","NA","NA","NA","NA","NA","NA","NA","NA","NA","NA","NA","NA","NA","NA","NA","NA","NA","NA","NA","NA","NA","NA","NA","NA","NA","NA","NA","NA","NA","NA","NA","NA","NA","NA","NA","NA","NA","NA","NA","NA","NA","NA","NA","NA","NA","NA","NA","NA","NA","NA","NA","NA"
"bt","codelet_zdssy5el",104.383,201,"4.07378e+11",206777343136,"1.94079e+11",31599400000,"1.51817e+11",201,"1.83398e+11",104.383,104.235,1861.89,0.47641,2662.685,302.622,1454.27,"1.9254e-06",1756.78,3644990000,344409000,344408000,344408000,0.00894745,0.000845428,0.0944882,356292000,8097550,218.544,4.96692,223.511,23.3209,10251,"9.82054e-05",7402140000,4904170000,4542.9,3006.26,7549.16,788.165,342455500,152771000,0,341618500,0,303.6875,31.69445,0,0,0,2060.32,"1.09008e+11","7.6327e+10",1.42817,2059.3,7393380000,0.0181487,1035330000,7842520,0.00254144,"1.92512e-05",0.00757492,393.477,5286490000,361079000,0.0129769,0.000886349,0.0683022,5817770,"1.4281e-05","x_solve_","416d0e","/NPB3.0-SER/BT/x_solve.f","45-127",149,"true",1,"true",2,"medium",96,95,575,5,0,16,0,31,"x86,SD,PD-XMM,PS-XMM","NA",85,5,"NA","NA","NA",1,1,"true",34,250,2,0,288,808,0.1785714286,97,97,57,276,57,68,37,53,98,30,62,62,301,53,98,30,62,62,301,301,21,"NA","NA","NA","NA","NA","NA",96.3800904977,70.8333333333,99.0099009901,100,100,100,96.3800904977,70.8333333333,99.0099009901,100,100,100,37,1.4617940199,2.6211453744,6.7508305648,5.9851851852,8.3524229075,301
"sp","codelet_ztezhmhm",7.66559,402,15722100000,14301346412,14213500000,8869920000,139978000,403,9009900000,7.66559,7.63378,1861.91,0.904044,4650.6,1157.78,18.2694,"5.24741e-05",1176.05,1423800000,501374000,501374000,501375000,0.0905602,0.0318897,0.352138,1454820000,81106500,12153,677.536,12830.6,98.299,20502,0.00266529,"1.491e+09",244699000,12448.3,2042.99,14491.3,111.085,501345000,234069500,0,501285000,0,6143.64,47.06655,0,0,0,2323.54,5835520000,972685000,5.99939,2333.82,"1.491e+09",0.0948349,274342000,5010020,0.0174495,0.000318661,0.0182619,57.3083,2747860000,1680610000,0.174776,0.106895,0.611608,19352600,0.00123092,"compute_rhs_",410875,"/NPB3.0-SER/SP/rhs.f","353-357",84,"true",1,"true",8,"high",64,63,409,5,0,13,0,0,"PS-XMM,x86,PD-XMM","NA","NA",24,"NA",36,"NA",1.25,1,"true",40,32,0,0,384,64,0.1607142857,26,26,16,16,16,20,26,16,21,24,4,4,2,16,21,24,4,4,2,24,2,"NA","NA","NA","NA","NA","NA",100,100,100,100,100,"NA",100,100,100,100,100,"NA",26,2.7692307692,2.4615384615,14.7692307692,2.4615384615,17.2307692308,"NA"
"bt","codelet_zvxgk4ke",0.0101283,1,45633600,18879196,18792700,4001720,2000970,1,6002690,0.0101283,0.0100935,1861.89,0.411817,1776.72,394.78,197.403,"9.86521e-05",592.183,192887,653028,653029,653032,0.00422686,0.0143102,3.38555,648067,854,4066.53,5.35873,4071.88,0.0415309,51,0.0050376,644973.5,484,4083.03,3.06394,4086.09,0.0413098,653113,191330,0,653038,0,5338.525,0.05404435,0,0,0,986.963,6020930,3020720,1.99321,986.374,644966,0.0141336,6520660,10239,0.142892,0.000224374,0.00157024,6.99831,1252030,649647,0.0274366,0.0142362,0.518875,10326,0.000226281,"rhs_norm_","429cd8","/NPB3.0-SER/BT/error.f","70-72",180,"true",1,"true",4,"max",12,11,59,6,0,2,0,0,"PS-XMM,x86,PD-XMM","NA","NA",4,"NA",4,"NA",1,2,"true",4,4,0,0,64,32,0.0833333333,"NA","NA","NA","NA",3,3,3,2,3,4,2,2,2,2,3,4,2,2,2,4,2,"NA","NA","NA","NA","NA","NA",100,100,100,100,100,"NA",100,100,100,100,100,"NA",4,2,3,16,8,24,"NA"
